Epoch,Batch,Max Token,Model,LR,Loss func,Train Loss,Valid. Loss,Valid. AUC,F1 score,Recall,Precision,Accuracy
1,16,70,bert-base-uncased,2e-05,bce_loss,0.395273529219508,0.3944124129609527,0.6951639620424533,0.47227536393049113,0.5044454471508909,0.5694054667877457,0.8425732654253987
2,16,70,bert-base-uncased,2e-05,bce_loss,0.3602190211589428,0.3997508466084586,0.6870225030424788,0.5015756238361326,0.515350358180723,0.5650716581647703,0.8321157218001168
3,16,70,bert-base-uncased,2e-05,bce_loss,0.35039305076475735,0.4029205978235033,0.6826122757157502,0.5077784405250145,0.5177122129631797,0.5602591644662902,0.8277114469399682
