,Batch,Max Token,Model,LR,Loss func,Test. Loss,Test. AUC,F1 score,Recall,Precision,Accuracy
0,16,30,bert-large-uncased,2e-05,bce_loss,0.22297444939613342,0.942530946973875,0.7856138859985549,0.74934195357545,0.8541295345569357,0.8832063305978898
1,16,70,bert-large-uncased,2e-05,bce_loss,0.18518057465553284,0.9566302654298381,0.8049767155083631,0.767923723021636,0.8716864777344044,0.8928152738234801
2,16,30,bert-large-uncased,3e-05,bce_loss,0.21959182620048523,0.943620637733833,0.78986454165934,0.75399622827132,0.856077522016182,0.8849648300117233
3,16,30,bert-large-uncased,2e-05,bce_loss,0.20477762818336487,0.9486089194118799,0.7974710992788955,0.7605231998918414,0.8654281519282823,0.8891517333779936
4,16,70,bert-large-uncased,2e-05,bce_loss,0.1935710906982422,0.9556765199348818,0.7949293450155483,0.7570138803728307,0.8666142774418133,0.888460894322559
5,16,30,bert-large-uncased,3e-05,bce_loss,0.2120043784379959,0.9455348479783582,0.7936565868964272,0.7566556104914326,0.8626448008198049,0.8873722994473288
