,Batch,Max Token,Model,LR,Loss func,Epoch,Train Loss,Valid. Loss,Valid. AUC,F1 score,Recall,Precision,Accuracy
0,16,30,bert-large-uncased,2e-05,bce_loss,1,0.26415722604576014,0.2201742146998943,0.9349668836545365,0.7787315544976909,0.7428907321303304,0.8475645724486138,0.8797362361314632
1,16,30,bert-large-uncased,2e-05,bce_loss,2,0.18216248311757044,0.2119134865501852,0.9349693503683293,0.7824945957280036,0.7473514665049816,0.8480763099248247,0.881044588653967
2,16,30,bert-large-uncased,2e-05,bce_loss,3,0.13438251215231967,0.22523433943730733,0.9361206425911253,0.7796739385146427,0.7443206053320831,0.8466214057913802,0.8798670713837137
