Epoch,Batch,Max Token,Model,LR,Loss func,Train Loss,Valid. Loss,Valid. AUC,F1 score,Recall,Precision,Accuracy
1,16,30,bert-base-uncased,2e-05,bce_loss,0.22125518775374023,0.15162515893184136,0.7615249508601885,0.500670812595754,0.5054247397608571,0.6362711650440309,0.9574061124593806
2,16,30,bert-base-uncased,2e-05,bce_loss,0.1510291695980828,0.14993129602887414,0.765890940383442,0.5489873248868564,0.5338795634105427,0.6426910832418185,0.9546193081321213
3,16,30,bert-base-uncased,2e-05,bce_loss,0.14984180956701473,0.14979891509880816,0.7662477316599374,0.5388422090707853,0.5271054211914754,0.6385580970147756,0.9550974867344001
