Epoch,Batch,Max Token,Model,LR,Loss func,Train Loss,Valid. Loss,Valid. AUC,F1 score,Recall,Precision,Accuracy
1,16,30,bert-large-uncased,2e-05,bce_loss,0.1796198301467665,0.15124726166007707,0.7658332455899279,0.5652577270611878,0.5456202776262675,0.6502279830388662,0.9540125868948213
2,16,30,bert-large-uncased,2e-05,bce_loss,0.15510775120129994,0.15063828762333467,0.7663942774933776,0.5432002126254931,0.5297359754935954,0.6523969386059659,0.9555396733988729
3,16,30,bert-large-uncased,2e-05,bce_loss,0.15288198517960383,0.15039302633327226,0.7661039728733311,0.5422837195276118,0.5291743108125668,0.6500018669459071,0.9554728312286619
